{
  "version": "1.0",
  "conceptualSchemaSettings": {},
  "queries": [
    {
      "name": "themes",
      "lineageTag": "de7a4969-ccae-4c0f-88e2-e77b0b35e438",
      "text": [
        "let",
        "    Source = Csv.Document(File.Contents(\"S:\\Torrents\\Torrents\\themes.csv\"),[Delimiter=\",\", Columns=3, Encoding=65001, QuoteStyle=QuoteStyle.None]),",
        "    #\"Promoted Headers\" = Table.PromoteHeaders(Source, [PromoteAllScalars=true]),",
        "    #\"Changed Type\" = Table.TransformColumnTypes(#\"Promoted Headers\",{{\"id\", Int64.Type}, {\"name\", type text}, {\"parent_id\", Int64.Type}})",
        "in",
        "    #\"Changed Type\""
      ],
      "isDirectQuery": false,
      "lastLoadedAsTableFormulaText": "{\"IncludesReferencedQueries\":false,\"RootFormulaText\":\"let\\r\\n    Source = Csv.Document(File.Contents(\\\"S:\\\\Torrents\\\\Torrents\\\\themes.csv\\\"),[Delimiter=\\\",\\\", Columns=3, Encoding=65001, QuoteStyle=QuoteStyle.None]),\\r\\n    #\\\"Promoted Headers\\\" = Table.PromoteHeaders(Source, [PromoteAllScalars=true]),\\r\\n    #\\\"Changed Type\\\" = Table.TransformColumnTypes(#\\\"Promoted Headers\\\",{{\\\"id\\\", Int64.Type}, {\\\"name\\\", type text}, {\\\"parent_id\\\", Int64.Type}})\\r\\nin\\r\\n    #\\\"Changed Type\\\"\",\"ReferencedQueriesFormulaText\":{}}",
      "loadAsTableDisabled": false,
      "resultType": "Table",
      "isHidden": false
    },
    {
      "name": "sets",
      "lineageTag": "679eb157-a271-44f8-94bd-bbba22d9cce5",
      "text": [
        "let",
        "    Source = Csv.Document(File.Contents(\"S:\\Torrents\\Torrents\\sets.csv\"),[Delimiter=\",\", Columns=6, Encoding=65001, QuoteStyle=QuoteStyle.None]),",
        "    #\"Promoted Headers\" = Table.PromoteHeaders(Source, [PromoteAllScalars=true]),",
        "    #\"Changed Type\" = Table.TransformColumnTypes(#\"Promoted Headers\",{{\"set_num\", type text}, {\"name\", type text}, {\"year\", Int64.Type}, {\"theme_id\", Int64.Type}, {\"num_parts\", Int64.Type}, {\"img_url\", type text}})",
        "in",
        "    #\"Changed Type\""
      ],
      "isDirectQuery": false,
      "lastLoadedAsTableFormulaText": "{\"IncludesReferencedQueries\":false,\"RootFormulaText\":\"let\\r\\n    Source = Csv.Document(File.Contents(\\\"S:\\\\Torrents\\\\Torrents\\\\sets.csv\\\"),[Delimiter=\\\",\\\", Columns=6, Encoding=65001, QuoteStyle=QuoteStyle.None]),\\r\\n    #\\\"Promoted Headers\\\" = Table.PromoteHeaders(Source, [PromoteAllScalars=true]),\\r\\n    #\\\"Changed Type\\\" = Table.TransformColumnTypes(#\\\"Promoted Headers\\\",{{\\\"set_num\\\", type text}, {\\\"name\\\", type text}, {\\\"year\\\", Int64.Type}, {\\\"theme_id\\\", Int64.Type}, {\\\"num_parts\\\", Int64.Type}, {\\\"img_url\\\", type text}})\\r\\nin\\r\\n    #\\\"Changed Type\\\"\",\"ReferencedQueriesFormulaText\":{}}",
      "loadAsTableDisabled": false,
      "resultType": "Table",
      "isHidden": false
    },
    {
      "name": "minifigs",
      "lineageTag": "7a570dc2-b485-47ec-80b0-6f819d80a99f",
      "text": [
        "let",
        "    Source = Csv.Document(File.Contents(\"S:\\Torrents\\Torrents\\minifigs.csv\"),[Delimiter=\",\", Columns=4, Encoding=1252, QuoteStyle=QuoteStyle.None]),",
        "    #\"Promoted Headers\" = Table.PromoteHeaders(Source, [PromoteAllScalars=true]),",
        "    #\"Changed Type\" = Table.TransformColumnTypes(#\"Promoted Headers\",{{\"fig_num\", type text}, {\"name\", type text}, {\"num_parts\", Int64.Type}, {\"img_url\", type text}})",
        "in",
        "    #\"Changed Type\""
      ],
      "isDirectQuery": false,
      "lastLoadedAsTableFormulaText": "{\"IncludesReferencedQueries\":false,\"RootFormulaText\":\"let\\r\\n    Source = Csv.Document(File.Contents(\\\"S:\\\\Torrents\\\\Torrents\\\\minifigs.csv\\\"),[Delimiter=\\\",\\\", Columns=4, Encoding=1252, QuoteStyle=QuoteStyle.None]),\\r\\n    #\\\"Promoted Headers\\\" = Table.PromoteHeaders(Source, [PromoteAllScalars=true]),\\r\\n    #\\\"Changed Type\\\" = Table.TransformColumnTypes(#\\\"Promoted Headers\\\",{{\\\"fig_num\\\", type text}, {\\\"name\\\", type text}, {\\\"num_parts\\\", Int64.Type}, {\\\"img_url\\\", type text}})\\r\\nin\\r\\n    #\\\"Changed Type\\\"\",\"ReferencedQueriesFormulaText\":{}}",
      "loadAsTableDisabled": false,
      "resultType": "Table",
      "isHidden": false
    },
    {
      "name": "inventory_minifigs",
      "lineageTag": "ecc67728-2feb-499d-9a9f-d87bd6ca8fae",
      "text": [
        "let",
        "    Source = Csv.Document(File.Contents(\"S:\\Torrents\\Torrents\\inventory_minifigs.csv\"),[Delimiter=\",\", Columns=3, Encoding=1252, QuoteStyle=QuoteStyle.None]),",
        "    #\"Promoted Headers\" = Table.PromoteHeaders(Source, [PromoteAllScalars=true]),",
        "    #\"Changed Type\" = Table.TransformColumnTypes(#\"Promoted Headers\",{{\"inventory_id\", Int64.Type}, {\"fig_num\", type text}, {\"quantity\", Int64.Type}})",
        "in",
        "    #\"Changed Type\""
      ],
      "isDirectQuery": false,
      "lastLoadedAsTableFormulaText": "{\"IncludesReferencedQueries\":false,\"RootFormulaText\":\"let\\r\\n    Source = Csv.Document(File.Contents(\\\"S:\\\\Torrents\\\\Torrents\\\\inventory_minifigs.csv\\\"),[Delimiter=\\\",\\\", Columns=3, Encoding=1252, QuoteStyle=QuoteStyle.None]),\\r\\n    #\\\"Promoted Headers\\\" = Table.PromoteHeaders(Source, [PromoteAllScalars=true]),\\r\\n    #\\\"Changed Type\\\" = Table.TransformColumnTypes(#\\\"Promoted Headers\\\",{{\\\"inventory_id\\\", Int64.Type}, {\\\"fig_num\\\", type text}, {\\\"quantity\\\", Int64.Type}})\\r\\nin\\r\\n    #\\\"Changed Type\\\"\",\"ReferencedQueriesFormulaText\":{}}",
      "loadAsTableDisabled": false,
      "resultType": "Table",
      "isHidden": false
    },
    {
      "name": "inventory_sets",
      "lineageTag": "0d36b73b-e4ba-4430-b89a-ee60ac2bccf2",
      "text": [
        "let",
        "    Source = Csv.Document(File.Contents(\"S:\\Torrents\\Torrents\\inventory_sets.csv\"),[Delimiter=\",\", Columns=3, Encoding=1252, QuoteStyle=QuoteStyle.None]),",
        "    #\"Promoted Headers\" = Table.PromoteHeaders(Source, [PromoteAllScalars=true]),",
        "    #\"Changed Type\" = Table.TransformColumnTypes(#\"Promoted Headers\",{{\"inventory_id\", Int64.Type}, {\"set_num\", type text}, {\"quantity\", Int64.Type}})",
        "in",
        "    #\"Changed Type\""
      ],
      "isDirectQuery": false,
      "lastLoadedAsTableFormulaText": "{\"IncludesReferencedQueries\":false,\"RootFormulaText\":\"let\\r\\n    Source = Csv.Document(File.Contents(\\\"S:\\\\Torrents\\\\Torrents\\\\inventory_sets.csv\\\"),[Delimiter=\\\",\\\", Columns=3, Encoding=1252, QuoteStyle=QuoteStyle.None]),\\r\\n    #\\\"Promoted Headers\\\" = Table.PromoteHeaders(Source, [PromoteAllScalars=true]),\\r\\n    #\\\"Changed Type\\\" = Table.TransformColumnTypes(#\\\"Promoted Headers\\\",{{\\\"inventory_id\\\", Int64.Type}, {\\\"set_num\\\", type text}, {\\\"quantity\\\", Int64.Type}})\\r\\nin\\r\\n    #\\\"Changed Type\\\"\",\"ReferencedQueriesFormulaText\":{}}",
      "loadAsTableDisabled": false,
      "resultType": "Table",
      "isHidden": false
    },
    {
      "name": "parts",
      "lineageTag": "19886511-9461-46b8-b5ae-747661a44add",
      "text": [
        "let",
        "    Source = Csv.Document(File.Contents(\"S:\\Torrents\\Torrents\\parts.csv\"),[Delimiter=\",\", Columns=4, Encoding=1252, QuoteStyle=QuoteStyle.None]),",
        "    #\"Promoted Headers\" = Table.PromoteHeaders(Source, [PromoteAllScalars=true]),",
        "    #\"Changed Type\" = Table.TransformColumnTypes(#\"Promoted Headers\",{{\"part_num\", type text}, {\"name\", type text}, {\"part_cat_id\", Int64.Type}, {\"part_material\", type text}})",
        "in",
        "    #\"Changed Type\""
      ],
      "isDirectQuery": false,
      "lastLoadedAsTableFormulaText": "{\"IncludesReferencedQueries\":false,\"RootFormulaText\":\"let\\r\\n    Source = Csv.Document(File.Contents(\\\"S:\\\\Torrents\\\\Torrents\\\\parts.csv\\\"),[Delimiter=\\\",\\\", Columns=4, Encoding=1252, QuoteStyle=QuoteStyle.None]),\\r\\n    #\\\"Promoted Headers\\\" = Table.PromoteHeaders(Source, [PromoteAllScalars=true]),\\r\\n    #\\\"Changed Type\\\" = Table.TransformColumnTypes(#\\\"Promoted Headers\\\",{{\\\"part_num\\\", type text}, {\\\"name\\\", type text}, {\\\"part_cat_id\\\", Int64.Type}, {\\\"part_material\\\", type text}})\\r\\nin\\r\\n    #\\\"Changed Type\\\"\",\"ReferencedQueriesFormulaText\":{}}",
      "loadAsTableDisabled": false,
      "resultType": "Table",
      "isHidden": false
    },
    {
      "name": "inventory_parts",
      "lineageTag": "bddc577f-c3da-4dcd-8dbf-a491ed48ffb8",
      "text": [
        "let",
        "    Source = Csv.Document(File.Contents(\"S:\\Torrents\\Torrents\\inventory_parts.csv\"),[Delimiter=\",\", Columns=6, Encoding=1252, QuoteStyle=QuoteStyle.None]),",
        "    #\"Promoted Headers\" = Table.PromoteHeaders(Source, [PromoteAllScalars=true]),",
        "    #\"Changed Type\" = Table.TransformColumnTypes(#\"Promoted Headers\",{{\"inventory_id\", Int64.Type}, {\"part_num\", type text}, {\"color_id\", Int64.Type}, {\"quantity\", Int64.Type}, {\"is_spare\", type logical}, {\"img_url\", type text}})",
        "in",
        "    #\"Changed Type\""
      ],
      "isDirectQuery": false,
      "lastLoadedAsTableFormulaText": "{\"IncludesReferencedQueries\":false,\"RootFormulaText\":\"let\\r\\n    Source = Csv.Document(File.Contents(\\\"S:\\\\Torrents\\\\Torrents\\\\inventory_parts.csv\\\"),[Delimiter=\\\",\\\", Columns=6, Encoding=1252, QuoteStyle=QuoteStyle.None]),\\r\\n    #\\\"Promoted Headers\\\" = Table.PromoteHeaders(Source, [PromoteAllScalars=true]),\\r\\n    #\\\"Changed Type\\\" = Table.TransformColumnTypes(#\\\"Promoted Headers\\\",{{\\\"inventory_id\\\", Int64.Type}, {\\\"part_num\\\", type text}, {\\\"color_id\\\", Int64.Type}, {\\\"quantity\\\", Int64.Type}, {\\\"is_spare\\\", type logical}, {\\\"img_url\\\", type text}})\\r\\nin\\r\\n    #\\\"Changed Type\\\"\",\"ReferencedQueriesFormulaText\":{}}",
      "loadAsTableDisabled": false,
      "resultType": "Table",
      "isHidden": false
    },
    {
      "name": "brickeconomy_starwars_eur",
      "lineageTag": "dfb95dc7-e8c6-464b-96f6-2f793e202d18",
      "navigationStepName": "Navigation",
      "text": [
        "let",
        "    Source = Csv.Document(File.Contents(\"C:\\Users\\Acer\\legostarwarspowerbi\\brickeconomy_starwars_eur.csv\"),[Delimiter=\",\", Columns=31, Encoding=1252, QuoteStyle=QuoteStyle.None]),",
        "    #\"Promoted Headers\" = Table.PromoteHeaders(Source, [PromoteAllScalars=true]),",
        "    #\"Changed Type\" = Table.TransformColumnTypes(#\"Promoted Headers\",{{\"set_num\", type text}, {\"name\", type text}, {\"theme\", type text}, {\"subtheme\", type text}, {\"year\", Int64.Type}, {\"pieces_count\", Int64.Type}, {\"minifigs_count\", Int64.Type}, {\"minifigs\", type text}, {\"availability\", type text}, {\"retail_price_us\", type number}, {\"retail_price_uk\", type number}, {\"retail_price_ca\", type number}, {\"retail_price_eu\", type text}, {\"retail_price_au\", type text}, {\"ean\", Int64.Type}, {\"upc\", Int64.Type}, {\"released_date\", type date}, {\"retired_date\", type date}, {\"retired\", type logical}, {\"current_value_new\", type number}, {\"current_value_used\", type number}, {\"current_value_used_low\", type number}, {\"current_value_used_high\", type number}, {\"forecast_value_new_2_years\", type number}, {\"forecast_value_new_5_years\", type number}, {\"rolling_growth_lastyear\", type number}, {\"rolling_growth_12months\", type number}, {\"currency\", type text}, {\"event_condition\", type text}, {\"event_date\", type date}, {\"event_value\", type number}})",
        "in",
        "    #\"Changed Type\""
      ],
      "isDirectQuery": false,
      "lastLoadedAsTableFormulaText": "{\"IncludesReferencedQueries\":false,\"RootFormulaText\":\"let\\r\\n    Source = Csv.Document(File.Contents(\\\"C:\\\\Users\\\\barna\\\\Desktop\\\\legodata\\\\brickeconomy_starwars_eur.csv\\\"),[Delimiter=\\\",\\\", Columns=31, Encoding=1252, QuoteStyle=QuoteStyle.None]),\\r\\n    #\\\"Promoted Headers\\\" = Table.PromoteHeaders(Source, [PromoteAllScalars=true]),\\r\\n    #\\\"Changed Type\\\" = Table.TransformColumnTypes(#\\\"Promoted Headers\\\",{{\\\"set_num\\\", type text}, {\\\"name\\\", type text}, {\\\"theme\\\", type text}, {\\\"subtheme\\\", type text}, {\\\"year\\\", Int64.Type}, {\\\"pieces_count\\\", Int64.Type}, {\\\"minifigs_count\\\", Int64.Type}, {\\\"minifigs\\\", type text}, {\\\"availability\\\", type text}, {\\\"retail_price_us\\\", type number}, {\\\"retail_price_uk\\\", type number}, {\\\"retail_price_ca\\\", type number}, {\\\"retail_price_eu\\\", type text}, {\\\"retail_price_au\\\", type text}, {\\\"ean\\\", Int64.Type}, {\\\"upc\\\", Int64.Type}, {\\\"released_date\\\", type date}, {\\\"retired_date\\\", type date}, {\\\"retired\\\", type logical}, {\\\"current_value_new\\\", type number}, {\\\"current_value_used\\\", type number}, {\\\"current_value_used_low\\\", type number}, {\\\"current_value_used_high\\\", type number}, {\\\"forecast_value_new_2_years\\\", type number}, {\\\"forecast_value_new_5_years\\\", type number}, {\\\"rolling_growth_lastyear\\\", type number}, {\\\"rolling_growth_12months\\\", type number}, {\\\"currency\\\", type text}, {\\\"event_condition\\\", type text}, {\\\"event_date\\\", type date}, {\\\"event_value\\\", type number}})\\r\\nin\\r\\n    #\\\"Changed Type\\\"\",\"ReferencedQueriesFormulaText\":{}}",
      "loadAsTableDisabled": false,
      "resultType": "Exception",
      "isHidden": false
    },
    {
      "name": "Table1",
      "lineageTag": "f5355457-1729-4bf7-ab0f-dabf15a611f2",
      "text": [
        "let",
        "    Source = Excel.Workbook(File.Contents(\"C:\\Users\\Acer\\legostarwarspowerbi\\movies and games.xlsx\"), null, true),",
        "    Table1_Table = Source{[Item=\"Table1\",Kind=\"Table\"]}[Data],",
        "    #\"Changed Type\" = Table.TransformColumnTypes(Table1_Table,{{\"Title\", type text}, {\"Type\", type text}, {\"Date\", type date}})",
        "in",
        "    #\"Changed Type\""
      ],
      "isDirectQuery": false,
      "lastLoadedAsTableFormulaText": "{\"IncludesReferencedQueries\":false,\"RootFormulaText\":\"let\\r\\n    Source = Excel.Workbook(File.Contents(\\\"C:\\\\Users\\\\barna\\\\Desktop\\\\legodata\\\\movies and games.xlsx\\\"), null, true),\\r\\n    Table1_Table = Source{[Item=\\\"Table1\\\",Kind=\\\"Table\\\"]}[Data],\\r\\n    #\\\"Changed Type\\\" = Table.TransformColumnTypes(Table1_Table,{{\\\"Title\\\", type text}, {\\\"Type\\\", type text}, {\\\"Date\\\", type date}})\\r\\nin\\r\\n    #\\\"Changed Type\\\"\",\"ReferencedQueriesFormulaText\":{}}",
      "loadAsTableDisabled": false,
      "resultType": "Table",
      "isHidden": false
    }
  ],
  "queryGroups": [],
  "culture": "en-US",
  "firewallEnabled": true
}